task_group_vi,task_count,code_acceleration_potential,quality_risk_need,human_complementarity_index,reskilling_priority_score,critical_task_share
Sinh code / phát triển,83,0.7150611983015861,0.39446314648918135,0.4713049669091062,0.5416713038601504,0.3373493975903614
Kiểm thử / QA / review,88,0.7044798254324859,0.4476097837702279,0.5388879085296853,0.5696049071685314,0.9318181818181818
Kiến trúc / quản trị,52,0.6295722654061697,0.42786018834918665,0.5165833119875812,0.5293381671465235,0.4230769230769231
Tài liệu / báo cáo,16,0.6780672247436625,0.3951462604787283,0.439447475777347,0.5355848855331921,0.0
Task CS khác,22,0.6513179219203049,0.4875135391712787,0.5360608400602191,0.571288647016861,0.045454545454545456
