variable,coef,std_error,p_value,ci_low,ci_high,odds_ratio,odds_ci_low,odds_ci_high,model,variable_vi
automation_exposure_index,3.5680722664794304,1.0008734666582233,0.0003639139120932494,1.606396318747562,5.529748214211299,35.4481925746984,4.9848151363666195,252.08043276180697,Logit: Copilot + review,Mức tiếp xúc AI
worker_pull_index,5.210599565497164,1.1736160331965848,9.004996725458144e-06,2.9103544087530935,7.5108447222412345,183.20386798953976,18.363305530103077,1827.7568377494783,Logit: Copilot + review,Worker muốn AI
human_complementarity_index,0.9463138545771881,0.7503798038139312,0.20726807556332683,-0.5244035356243486,2.417031244778725,2.5761959028079193,0.5919083113175627,11.212522620050917,Logit: Copilot + review,Mức cần con người
innovation_momentum_index,3.288013154460532,1.1552597363100003,0.004425487484349943,1.0237456785036918,5.552280630417373,26.789583978748784,2.7836017384008693,257.82488919076815,Logit: Copilot + review,Động lực đổi mới
expert_uncertainty_requirement,-0.24601216016536692,0.6390959424806308,0.7002835294577774,-1.4986171900930854,1.0065928697623516,0.7819127166797292,0.2234389201734253,2.7362623128993704,Logit: Copilot + review,Độ bất định
expert_domain_expertise_requirement,0.28744798735538774,0.5842699593683391,0.6227348703356848,-0.8577000902552379,1.4325960649660132,1.3330212563991803,0.42413643694884645,4.189561459975107,Logit: Copilot + review,Yêu cầu chuyên môn miền
quality_critical_task,1.2469476671748618,0.4635467763771708,0.00714488603102619,0.3384126803259647,2.155482654023759,3.479705511852849,1.4027192586175452,8.632055469996558,Logit: Copilot + review,Task critical về chất lượng
