variable,mean,std,min,max,p02,p98,ols_intercept,logit_intercept,regression_n,positive_cases
automation_exposure_index,0.7130970517235945,0.14175640814842516,0.3348316517609477,0.9734355025572814,0.4342481378310127,0.9612740297488744,0.42997762329145267,-6.82897899230232,173,40
worker_pull_index,0.5137094896309892,0.15341835500445408,0.0457642180094786,0.8622630331753555,0.21338862559241703,0.8209478672985783,0.42997762329145267,-6.82897899230232,173,40
human_complementarity_index,0.5093513509592689,0.21819701533059974,0.0673383527724558,0.9292945335170806,0.08510372760579472,0.8803109139188598,0.42997762329145267,-6.82897899230232,173,40
innovation_momentum_index,0.8360223293360061,0.16667485917054056,0.4082590333176912,0.9963632097606756,0.46959174096668227,0.9942796809009853,0.42997762329145267,-6.82897899230232,173,40
expert_uncertainty_requirement,2.2760115606936417,0.8303207711716709,1.0,4.5,1.0,4.426666666666667,0.42997762329145267,-6.82897899230232,173,40
expert_domain_expertise_requirement,3.1782273603082847,0.826966781371307,1.0,5.0,1.4066666666666667,4.5,0.42997762329145267,-6.82897899230232,173,40
quality_critical_task,0.5028901734104047,0.49999164682788233,0.0,1.0,0.0,1.0,0.42997762329145267,-6.82897899230232,173,40
