variable,coef,std_error,p_value,ci_low,ci_high,model,variable_vi
automation_exposure_index,0.0034340700806452787,0.005354442809090229,0.5212955307610533,-0.007060444982451046,0.013928585143741602,OLS: quality_risk_need,Mức tiếp xúc AI
worker_pull_index,-0.0011131287069495307,0.0035215168741550658,0.7519315159271849,-0.008015174951243528,0.005788917537344468,OLS: quality_risk_need,Worker muốn AI
human_complementarity_index,0.09919278015383642,0.005309578396061279,6.955775379722158e-78,0.08878619772446437,0.10959936258320847,OLS: quality_risk_need,Mức cần con người
innovation_momentum_index,-0.009191252741205623,0.0044783211126583865,0.04013196483579791,-0.017968600833221403,-0.0004139046491898439,OLS: quality_risk_need,Động lực đổi mới
expert_uncertainty_requirement,0.045444109446758335,0.005336397616524992,1.6533325162607396e-17,0.03498496231118396,0.05590325658233271,OLS: quality_risk_need,Độ bất định
expert_domain_expertise_requirement,0.04614040320740835,0.003964352583710848,2.6159671625974117e-31,0.03837041492131678,0.05391039149349992,OLS: quality_risk_need,Yêu cầu chuyên môn miền
quality_critical_task,-0.0013193750533657183,0.0033496149977202644,0.6936633112479069,-0.007884499810972652,0.005245749704241215,OLS: quality_risk_need,Task critical về chất lượng
