task_group_vi,task_count,automation_exposure_index,innovation_momentum_index,human_complementarity_index,quality_risk_need,skill_shift_pressure
Sinh code / phát triển,83,0.7306331012441335,0.8423614683982291,0.4713049669091062,0.39446314648918135,1.4077846835075958
Kiểm thử / QA / review,88,0.7287982259519914,0.8206014568491106,0.5388879085296853,0.4476097837702279,1.0999499927161858
Kiến trúc / quản trị,52,0.6382519659150709,0.697952387828033,0.5165833119875812,0.42786018834918665,0.601908890253265
Tài liệu / báo cáo,16,0.6842751766307331,0.7107285312060065,0.439447475777347,0.3951462604787283,2.4211612420627593
Task CS khác,22,0.6193125550262969,0.7396228829828079,0.5360608400602191,0.4875135391712787,1.2169790468246688
